Sun Dec 04 04:53:16 2005,error,mod_jk child workerEnv in error state 6,E3,mod_jk child workerEnv in error state <*>
Sun Dec 04 04:53:16 2005,error,mod_jk child workerEnv in error state 7,E3,mod_jk child workerEnv in error state <*>
Sun Dec 04 04:53:29 2005,notice,jk2_init() Found child 6754 in scoreboard slot 8,E1,jk2_init() Found child <*> in scoreboard slot <*>
Sun Dec 04 04:53:29 2005,notice,jk2_init() Found child 6755 in scoreboard slot 6,E1,jk2_init() Found child <*> in scoreboard slot <*>
Sun Dec 04 04:53:40 2005,notice,jk2_init() Found child 6756 in scoreboard slot 7,E1,jk2_init() Found child <*> in scoreboard slot <*>
Sun Dec 04 04:53:51 2005,notice,workerEnv.init() ok /etc/httpd/conf/workers2.properties,E2,workerEnv.init() ok <*>
Sun Dec 04 04:53:54 2005,error,mod_jk child workerEnv in error state 7,E3,mod_jk child workerEnv in error state <*>
Sun Dec 04 04:54:15 2005,notice,jk2_init() Found child 6763 in scoreboard slot 10,E1,jk2_init() Found child <*> in scoreboard slot <*>
Sun Dec 04 04:54:15 2005,notice,jk2_init() Found child 6765 in scoreboard slot 8,E1,jk2_init() Found child <*> in scoreboard slot <*>
Sun Dec 04 04:54:15 2005,notice,jk2_init() Found child 6766 in scoreboard slot 6,E1,jk2_init() Found child <*> in scoreboard slot <*>
Sun Dec 04 04:54:15 2005,notice,jk2_init() Found child 6767 in scoreboard slot 7,E1,jk2_init() Found child <*> in scoreboard slot <*>
Sun Dec 04 04:54:18 2005,error,mod_jk child workerEnv in error state 6,E3,mod_jk child workerEnv in error state <*>
Sun Dec 04 04:54:18 2005,error,mod_jk child workerEnv in error state 6,E3,mod_jk child workerEnv in error state <*>
Sun Dec 04 04:54:18 2005,error,mod_jk child workerEnv in error state 7,E3,mod_jk child workerEnv in error state <*>
Sun Dec 04 04:54:18 2005,error,mod_jk child workerEnv in error state 7,E3,mod_jk child workerEnv in error state <*>
Sun Dec 04 04:54:18 2005,notice,workerEnv.init() ok /etc/httpd/conf/workers2.properties,E2,workerEnv.init() ok <*>
Sun Dec 04 04:54:18 2005,notice,workerEnv.init() ok /etc/httpd/conf/workers2.properties,E2,workerEnv.init() ok <*>
Sun Dec 04 04:54:18 2005,notice,workerEnv.init() ok /etc/httpd/conf/workers2.properties,E2,workerEnv.init() ok <*>
Sun Dec 04 04:54:18 2005,notice,workerEnv.init() ok /etc/httpd/conf/workers2.properties,E2,workerEnv.init() ok <*>
Sun Dec 04 04:54:20 2005,error,mod_jk child workerEnv in error state 6,E3,mod_jk child workerEnv in error state <*>
Sun Dec 04 04:54:20 2005,notice,jk2_init() Found child 6768 in scoreboard slot 9,E1,jk2_init() Found child <*> in scoreboard slot <*>
Sun Dec 04 04:54:20 2005,notice,workerEnv.init() ok /etc/httpd/conf/workers2.properties,E2,workerEnv.init() ok <*>
Sun Dec 04 04:56:52 2005,notice,jk2_init() Found child 8527 in scoreboard slot 10,E1,jk2_init() Found child <*> in scoreboard slot <*>
Sun Dec 04 04:56:52 2005,notice,jk2_init() Found child 8533 in scoreboard slot 8,E1,jk2_init() Found child <*> in scoreboard slot <*>
Sun Dec 04 04:56:57 2005,notice,workerEnv.init() ok /etc/httpd/conf/workers2.properties,E2,workerEnv.init() ok <*>
Sun Dec 04 04:56:57 2005,notice,workerEnv.init() ok /etc/httpd/conf/workers2.properties,E2,workerEnv.init() ok <*>
Sun Dec 04 04:56:59 2005,error,mod_jk child workerEnv in error state 6,E3,mod_jk child workerEnv in error state <*>
Sun Dec 04 04:57:00 2005,error,mod_jk child workerEnv in error state 6,E3,mod_jk child workerEnv in error state <*>
Sun Dec 04 04:57:20 2005,notice,jk2_init() Found child 8536 in scoreboard slot 6,E1,jk2_init() Found child <*> in scoreboard slot <*>
Sun Dec 04 04:57:20 2005,notice,jk2_init() Found child 8539 in scoreboard slot 7,E1,jk2_init() Found child <*> in scoreboard slot <*>
Sun Dec 04 04:57:24 2005,error,mod_jk child workerEnv in error state 6,E3,mod_jk child workerEnv in error state <*>
Sun Dec 04 04:57:24 2005,error,mod_jk child workerEnv in error state 6,E3,mod_jk child workerEnv in error state <*>
Sun Dec 04 04:57:24 2005,notice,workerEnv.init() ok /etc/httpd/conf/workers2.properties,E2,workerEnv.init() ok <*>
Sun Dec 04 04:57:24 2005,notice,workerEnv.init() ok /etc/httpd/conf/workers2.properties,E2,workerEnv.init() ok <*>
Sun Dec 04 04:57:49 2005,notice,jk2_init() Found child 8541 in scoreboard slot 9,E1,jk2_init() Found child <*> in scoreboard slot <*>
Sun Dec 04 04:58:11 2005,notice,workerEnv.init() ok /etc/httpd/conf/workers2.properties,E2,workerEnv.init() ok <*>
Sun Dec 04 04:58:18 2005,error,mod_jk child workerEnv in error state 6,E3,mod_jk child workerEnv in error state <*>
Sun Dec 04 04:58:45 2005,notice,jk2_init() Found child 8547 in scoreboard slot 10,E1,jk2_init() Found child <*> in scoreboard slot <*>
Sun Dec 04 04:58:57 2005,notice,workerEnv.init() ok /etc/httpd/conf/workers2.properties,E2,workerEnv.init() ok <*>
Sun Dec 04 04:58:58 2005,error,mod_jk child workerEnv in error state 6,E3,mod_jk child workerEnv in error state <*>
Sun Dec 04 04:59:27 2005,notice,jk2_init() Found child 8553 in scoreboard slot 8,E1,jk2_init() Found child <*> in scoreboard slot <*>
Sun Dec 04 04:59:28 2005,notice,jk2_init() Found child 8554 in scoreboard slot 6,E1,jk2_init() Found child <*> in scoreboard slot <*>
Sun Dec 04 04:59:35 2005,notice,workerEnv.init() ok /etc/httpd/conf/workers2.properties,E2,workerEnv.init() ok <*>
Sun Dec 04 04:59:35 2005,notice,workerEnv.init() ok /etc/httpd/conf/workers2.properties,E2,workerEnv.init() ok <*>
Sun Dec 04 04:59:38 2005,error,mod_jk child workerEnv in error state 6,E3,mod_jk child workerEnv in error state <*>
Sun Dec 04 04:59:38 2005,error,mod_jk child workerEnv in error state 6,E3,mod_jk child workerEnv in error state <*>
Sun Dec 04 05:00:03 2005,notice,jk2_init() Found child 8560 in scoreboard slot 7,E1,jk2_init() Found child <*> in scoreboard slot <*>
Sun Dec 04 05:00:09 2005,error,mod_jk child workerEnv in error state 6,E3,mod_jk child workerEnv in error state <*>
Sun Dec 04 05:00:09 2005,notice,workerEnv.init() ok /etc/httpd/conf/workers2.properties,E2,workerEnv.init() ok <*>
Sun Dec 04 05:00:13 2005,notice,jk2_init() Found child 8565 in scoreboard slot 9,E1,jk2_init() Found child <*> in scoreboard slot <*>
Sun Dec 04 05:00:13 2005,notice,jk2_init() Found child 8573 in scoreboard slot 10,E1,jk2_init() Found child <*> in scoreboard slot <*>
Sun Dec 04 05:00:15 2005,error,mod_jk child workerEnv in error state 6,E3,mod_jk child workerEnv in error state <*>
Sun Dec 04 05:00:15 2005,error,mod_jk child workerEnv in error state 6,E3,mod_jk child workerEnv in error state <*>
Sun Dec 04 05:00:15 2005,notice,workerEnv.init() ok /etc/httpd/conf/workers2.properties,E2,workerEnv.init() ok <*>
Sun Dec 04 05:00:15 2005,notice,workerEnv.init() ok /etc/httpd/conf/workers2.properties,E2,workerEnv.init() ok <*>
Sun Dec 04 05:01:20 2005,notice,jk2_init() Found child 8584 in scoreboard slot 7,E1,jk2_init() Found child <*> in scoreboard slot <*>
Sun Dec 04 05:01:20 2005,notice,jk2_init() Found child 8587 in scoreboard slot 9,E1,jk2_init() Found child <*> in scoreboard slot <*>
Sun Dec 04 05:02:14 2005,notice,jk2_init() Found child 8603 in scoreboard slot 10,E1,jk2_init() Found child <*> in scoreboard slot <*>
Sun Dec 04 05:02:14 2005,notice,jk2_init() Found child 8605 in scoreboard slot 8,E1,jk2_init() Found child <*> in scoreboard slot <*>
Sun Dec 04 05:04:03 2005,notice,jk2_init() Found child 8738 in scoreboard slot 6,E1,jk2_init() Found child <*> in scoreboard slot <*>
Sun Dec 04 05:04:03 2005,notice,jk2_init() Found child 8743 in scoreboard slot 7,E1,jk2_init() Found child <*> in scoreboard slot <*>
Sun Dec 04 05:04:03 2005,notice,jk2_init() Found child 8744 in scoreboard slot 8,E1,jk2_init() Found child <*> in scoreboard slot <*>
Sun Dec 04 05:04:03 2005,notice,jk2_init() Found child 8763 in scoreboard slot 9,E1,jk2_init() Found child <*> in scoreboard slot <*>
Sun Dec 04 05:04:03 2005,notice,jk2_init() Found child 8764 in scoreboard slot 10,E1,jk2_init() Found child <*> in scoreboard slot <*>
Sun Dec 04 05:04:03 2005,notice,jk2_init() Found child 8765 in scoreboard slot 11,E1,jk2_init() Found child <*> in scoreboard slot <*>
Sun Dec 04 05:04:03 2005,notice,jk2_init() Found child 8766 in scoreboard slot 12,E1,jk2_init() Found child <*> in scoreboard slot <*>
Sun Dec 04 05:04:04 2005,error,mod_jk child workerEnv in error state 6,E3,mod_jk child workerEnv in error state <*>
Sun Dec 04 05:04:04 2005,error,mod_jk child workerEnv in error state 6,E3,mod_jk child workerEnv in error state <*>
Sun Dec 04 05:04:04 2005,error,mod_jk child workerEnv in error state 6,E3,mod_jk child workerEnv in error state <*>
Sun Dec 04 05:04:04 2005,error,mod_jk child workerEnv in error state 7,E3,mod_jk child workerEnv in error state <*>
Sun Dec 04 05:04:04 2005,error,mod_jk child workerEnv in error state 7,E3,mod_jk child workerEnv in error state <*>
Sun Dec 04 05:04:04 2005,error,mod_jk child workerEnv in error state 7,E3,mod_jk child workerEnv in error state <*>
Sun Dec 04 05:04:04 2005,error,mod_jk child workerEnv in error state 7,E3,mod_jk child workerEnv in error state <*>
Sun Dec 04 05:04:04 2005,notice,workerEnv.init() ok /etc/httpd/conf/workers2.properties,E2,workerEnv.init() ok <*>
Sun Dec 04 05:04:04 2005,notice,workerEnv.init() ok /etc/httpd/conf/workers2.properties,E2,workerEnv.init() ok <*>
Sun Dec 04 05:04:04 2005,notice,workerEnv.init() ok /etc/httpd/conf/workers2.properties,E2,workerEnv.init() ok <*>
Sun Dec 04 05:04:04 2005,notice,workerEnv.init() ok /etc/httpd/conf/workers2.properties,E2,workerEnv.init() ok <*>
Sun Dec 04 05:04:04 2005,notice,workerEnv.init() ok /etc/httpd/conf/workers2.properties,E2,workerEnv.init() ok <*>
Sun Dec 04 05:04:04 2005,notice,workerEnv.init() ok /etc/httpd/conf/workers2.properties,E2,workerEnv.init() ok <*>
Sun Dec 04 05:04:04 2005,notice,workerEnv.init() ok /etc/httpd/conf/workers2.properties,E2,workerEnv.init() ok <*>
Sun Dec 04 05:11:51 2005,notice,jk2_init() Found child 25792 in scoreboard slot 6,E1,jk2_init() Found child <*> in scoreboard slot <*>
